{
  "bugs": [
    {
      "id": 4,
      "name": "Routing error",
      "isClosed": false,
      "createdAt": "2017-02-25T11:23:16.380Z"
    },
    {
      "id": 5,
      "name": "Unable to add a new bug",
      "isClosed": false,
      "createdAt": "2017-03-22T10:34:32.520Z"
    },
    {
      "id": 6,
      "name": "dsaf sdaf dasfdas fasfads",
      "isClosed": false
    }
  ],
  "employees": [
    {
      "id": 1,
      "name": "Magesh"
    },
    {
      "id": 2,
      "name": "Suresh"
    }
  ]
}